{
	"name": "pathfinder1-style-new",
	"title": "Pathfinder 1 - New Dark-Style Addon",
	"description": "Adds updated styling to the pathfinder 1 system",
	"version": "1.55",
	"author": "Klordok#7223",
	"styles": ["css/darkpath.css"],
	 "socket": true,
    "url": "https://github.com/Klordok/pathfinder1-darkstyle-new",
    "manifest": "https://raw.githubusercontent.com/Klordok/pathfinder1-darkstyle-new/master/module.json",
    "download": "https://github.com/Klordok/pathfinder1-darkstyle-new/raw/master/pathfinder1-darkstyle-new.zip",
	"minimumCoreVersion": "0.5.5",
	"compatibleCoreVersion": "9.269"
}
